Temperature,Pressure,Humidity,MotorSpeed,Load,VibrationLevel,WindSpeed,MaterialUsed,FuelType,EnergyConsumption
22.49080237694725,105.16817211686077,36.75740252288658,1257.34976132126,163.7394793893534,2.6435007471674687,14.347520974492202,Plastic,Type A,784.5072961903214
34.01428612819832,153.1354631568148,41.14361356127834,858.3708485224033,53.68803746882023,2.447991200385682,11.062625391885105,Aluminum,Type A,542.2791866623992
29.6398788362281,154.06351216101064,37.08041937106987,1199.157957197554,53.318532729349585,0.2256461224515349,5.298771127530962,Plastic,Type A,710.3427213201894
26.973169683940732,163.74299014982066,33.548101350282224,2082.6914341333227,98.54153287243119,1.7721143553681664,4.448033719314829,Aluminum,Type A,1180.4522069947432
18.12037280884873,172.60913337226617,34.82543484402403,1727.1340113034955,123.29647856069987,1.9629585320507,5.245548446187743,Aluminum,Type C,1011.4520938433313
18.119890406724053,197.58520794625346,48.43115072130903,2763.8777643693447,165.56111267116898,2.0542316263948126,11.619802967717728,Plastic,Type A,1583.479015053615
16.161672243363988,151.63003483011954,38.2533487362317,2598.37583582457,152.49430649097576,2.9428446092139287,9.920559166056217,Plastic,Type B,1462.6252776239771
32.3235229154987,132.2956472941246,44.57079444192302,1551.998173735327,116.88540595651224,2.7146524789617046,2.777933518012019,Aluminum,Type A,920.775280489799
27.022300234864176,179.51861947687036,50.136690834194276,1370.7315535488433,91.04399994224988,3.078734954687879,2.611640030011265,Plastic,Type A,842.3190521074462
29.16145155592091,127.08322512620742,57.615793145174614,1635.3232979679872,199.56867502365668,3.847927981556429,1.4759347457009597,Aluminum,Type C,1005.8927668028824
15.411689885916049,143.8971420705636,31.572485593643957,2098.648873532577,113.92719533539594,4.083630119708858,9.904540795520072,Copper,Type C,1178.130991553063
34.39819704323989,107.84563813422659,61.976415956361706,1389.7400098103278,117.70805364945132,3.618803073509823,11.46558993332604,Plastic,Type B,834.8050117527708
31.648852816008436,102.53507434154575,55.11601557963631,2173.127597268095,74.54357317875038,4.78206611017918,3.9756964248750606,Copper,Type B,1201.4321647851727
19.246782213565524,196.2648414677925,33.270361277954876,1700.7056348207288,169.2214323124894,0.189339655114172,0.3141744154636922,Steel,Type C,1052.7814457624231
18.636499344142013,183.59801205122056,64.94314496427108,2014.5037978743565,154.0523338672233,1.059312129849376,1.2325750121464103,Copper,Type C,1186.3478322574188
18.668090197068675,169.5974206093698,66.83489602127253,1759.4783640976966,83.11544191831406,0.1370580873928964,14.517900522675458,Copper,Type A,1023.3085112149023
21.084844859190753,140.89529444142698,32.44311839419455,1447.824670992219,62.357156842376405,3.272626099357555,4.431671662161304,Aluminum,Type C,830.8108241691933
25.495128632644757,117.32943200708458,41.07510592588815,2886.597275316745,152.07489531120694,4.500349689854936,11.538347217572005,Copper,Type B,1602.0708096925944
23.638900372842315,115.6437042671086,62.24805119172245,2479.932747151474,148.17668214217028,1.2930632532238666,9.369953532813957,Plastic,Type A,1411.2210730142988
20.824582803960837,125.02428981645953,59.93038761534633,1108.2489866861956,90.9889290497314,4.642469269501903,5.729094594793438,Aluminum,Type B,673.0218835080411
27.237057894447588,154.92266647061206,37.38084077425509,2710.629546975408,192.62953433756155,0.39531021241884823,3.0853089329333265,Steel,Type A,1550.8612612739917
17.789877213040835,171.45959227000623,38.37397293346841,1872.34863614893,72.65868376713503,4.67873653134702,1.8207962723910964,Plastic,Type C,1066.1213223464376
20.842892970704362,166.01973767177313,44.81888411165528,2768.014899167001,114.8502201563903,1.822951167474209,9.225194520582999,Steel,Type B,1543.4677919074477
22.327236865873836,127.99338969459428,49.38091940764085,2559.681563084094,191.54238802513984,0.596962059401161,11.619506709566819,Copper,Type A,1466.7524777802437
24.12139968434072,195.4865280663194,54.73019086121184,1735.4697098323136,112.95909753891834,2.480771620012996,9.65856380311696,Plastic,Type A,1037.3175132300412
30.703519227860273,173.78969166957685,44.75654558279089,849.4324783042583,145.77889214961283,1.358205181830489,7.954531998737375,Plastic,Type C,600.8332148298882
18.993475643167194,155.43540525114008,48.50138864532592,1391.0901906468814,109.63915969441913,1.495877219613422,0.629268351474544,Steel,Type C,841.0338397620768
25.284688768272233,161.1720746234352,59.89883752535026,1991.5952722539073,91.13228035230051,1.6057208281388045,14.527331663915756,Plastic,Type C,1137.795534776203
26.848291377240848,141.960006242779,31.467328115623914,2193.652083617524,197.59664719397423,4.034826899380051,11.980712874818618,Plastic,Type B,1294.8319897300332
15.929008254399955,124.77309895011575,40.09747777376083,1367.352907953045,111.40010094725645,2.7418902557087472,4.392330550514471,Plastic,Type A,813.7903557432144
27.150897038028766,135.59726786512616,58.5339834353821,1106.583362960213,184.11488055187016,1.6254077258644182,14.69955494038276,Copper,Type C,744.7971142977357
18.41048247374583,175.7846110464369,65.80827350748797,2636.8465209584583,84.49319088366292,3.0906355382235002,9.028223844544831,Steel,Type B,1461.916226171851
16.30103185970559,101.43934886297559,50.467097684626644,2965.6847975478145,81.9657056037625,3.6091383036936486,8.736339873108697,Plastic,Type B,1597.276099313463
33.977710745066666,111.60726405069163,51.284539410612624,1956.5184010659088,54.6701124326767,1.4358576035943156,11.221097691442981,Aluminum,Type B,1079.8380984494077
34.31264066149119,104.60026420217528,34.28688045359104,1177.6944288662676,147.75002380638276,2.1263905974742228,12.176546821352064,Aluminum,Type C,732.1268606313599
31.16794696232922,104.07288023189702,47.89649467293819,1399.0761183426116,105.27895155856417,0.697241857351043,9.84717910997254,Aluminum,Type C,832.8069232019917
21.092275383467413,185.5460584011007,51.304690658200926,840.4594884044268,179.65373747594555,0.9876318127199336,1.9214361954930004,Aluminum,Type A,615.2718528743243
16.95344228012768,170.36578593800238,39.698820145389185,2811.457374433098,120.98148600373358,3.437477484428416,5.074012589917476,Copper,Type A,1559.1180529846088
28.684660530243136,147.41738290873252,40.76972923797524,1059.0523823583105,195.22901418720826,0.9890479037085721,13.921254604890747,Plastic,Type C,723.9835859343744
23.803049874792027,109.78341606510014,45.091366524184906,2068.3362461313577,77.82882735546818,2.673300579968595,3.3692341776577788,Steel,Type B,1149.8902551234132
17.440764696895577,149.16158751168325,30.802847911109055,1402.9214855118532,180.2934751933416,3.5743266824399207,5.5825053575627,Plastic,Type B,873.1203730782468
24.903538202225405,147.34717707805657,42.88316662332713,2019.1916055347456,166.48952791876127,0.6236969231642449,6.48115324416294,Copper,Type B,1202.3586525459998
15.687770422304368,117.32018699100152,38.45792027986178,2233.1248543741012,165.63827669660782,2.8798298761816277,6.591074845416783,Aluminum,Type A,1283.6809216335073
33.186408041575646,143.3851649237973,43.09989408711658,2625.4319681558436,176.71748421753315,1.3571576401366827,9.194093737417882,Copper,Type B,1499.0937275557826
20.17559963200034,139.85047343973736,34.79048527277005,1254.1267978733272,164.15359864144983,4.818341688664141,14.146137566170614,Plastic,Type A,800.4032323838179
28.25044568707964,161.58500980522166,65.6210912295958,824.1908230486571,143.93304824471232,2.4693736689276315,3.6103906774875743,Steel,Type A,588.1872333903932
21.23422152178822,163.50936508676438,53.743698142161946,1101.1483861513761,69.68673165235813,4.049363493898275,1.822520644513771,Copper,Type B,679.6810979195876
25.401360423556216,104.53040097720445,57.164092765779586,2780.041012065831,54.878926923687786,2.796110056565683,2.9620573478990595,Steel,Type B,1489.0463884149792
25.934205586865595,137.46126146264712,61.56684954429353,2722.5581706375333,188.12717717235302,0.31272141098861395,13.303873503139043,Copper,Type C,1556.12780073751
18.69708911051054,162.58599157142365,49.93768795716229,2114.308824774678,142.49754717811072,3.20244174041071,9.68716218982809,Steel,Type C,1227.9190304067497
34.39169255529117,150.31362585800878,33.47681152349695,2121.137092954037,169.48059364642643,4.761876376812619,4.288601838587402,Steel,Type B,1241.5998620801292
30.50265646722229,185.64898411883223,51.48426167274191,2263.080684001762,122.2283527268825,3.047897918717023,12.23920408452926,Aluminum,Type A,1302.7191505338367
33.78997883128378,165.8693631618945,53.47364472083517,1185.8168129715891,67.59622834435918,4.114025411191272,12.92054994545154,Steel,Type A,725.1928450970686
32.89654700855297,116.29344270814298,59.8175789673732,2811.7062810349116,68.77786883038257,4.432611670407198,12.69771508035417,Aluminum,Type A,1526.7209284715875
26.957999576221702,107.05687474004299,47.26638184918718,1721.2951547625607,152.8347930843457,1.2175908825497692,13.783898004593317,Plastic,Type A,1020.3018687364112
33.437484700462335,164.24192782063156,35.10321211182255,1642.9047621488944,114.5458842349194,1.1390197155503108,3.783615302600424,Plastic,Type A,959.8173198798336
16.76985004103839,102.65113105416218,41.35103623194898,1941.6189516222425,80.07870900505051,3.0938068453698597,11.325628931194174,Aluminum,Type C,1081.1330311946729
18.919657248382904,158.57755812734632,44.5232918559454,903.3251269051211,123.73918201121553,2.1140395020528535,6.9080924591121,Aluminum,Type B,607.809375968081
15.90454577821076,194.02302414249576,55.836689653264045,1165.8234112633747,59.631340561270115,4.2153203840469295,12.629978293350923,Copper,Type C,717.6199991489584
21.506606615265287,157.5474177875879,52.83113218675648,2423.673956138015,137.2957102871598,4.510113304650255,10.927360157424198,Copper,Type A,1377.3912408819124
22.77354579378964,138.8169926206522,44.243869035913846,982.1570694352782,90.34901066526464,1.831764758583319,11.646711697495869,Copper,Type A,626.3428587229906
20.426980635477918,164.32882184423534,69.46060995171919,2126.934640826054,169.63386509557824,1.2606657389749623,9.842427565216072,Plastic,Type A,1259.1940112648247
31.57475018303859,145.82528904915165,54.230992774275485,1339.7680412989062,96.55429383853607,3.9245750246949234,2.661431542045603,Copper,Type A,804.9692073153756
22.135066533871786,154.5616789315935,39.48907166943978,1656.4503508923485,118.28302236227017,1.4465495741858672,8.175403783454074,Steel,Type B,980.6244971305566
20.618690193747614,194.14648087765252,34.071298904816146,1435.1262208955397,51.7430809862151,4.130810160717024,14.770046092867624,Steel,Type A,840.4924724490882
25.853921663164968,138.61026378007742,36.114365567373284,1582.4799762228881,60.867033169183834,2.176317442878938,14.060820997456783,Copper,Type B,896.3740455898535
17.818484499495252,196.11905638239142,39.83830913538033,2381.9009914053404,108.87403346100272,3.3709945065282056,0.647606036955175,Steel,Type A,1346.444838999901
31.043939615080795,190.53506419560637,36.427254930382226,1453.6677743709852,121.99082520756852,0.5681230377898742,2.472222235941557,Plastic,Type B,898.1219241066893
16.491012873595416,119.57911347892964,37.46268096205223,2046.0902086531737,140.00308221789555,3.156910690915208,1.9759316018184285,Steel,Type C,1173.9396080871772
34.73773873201034,106.93613008751655,41.40380674775388,1847.3108848380193,93.74938680639548,2.313661625812423,10.889698649779433,Plastic,Type A,1048.1394108527527
30.444895385933147,110.07780013774267,36.93494381179019,2260.0765637978257,154.2472829189814,2.974381469559823,12.266779947854175,Aluminum,Type B,1291.6334945899569
18.974313630683447,101.82218256515498,65.87061698505701,2861.0254265144677,179.01835957838068,0.9232696179498308,3.2026704946600786,Aluminum,Type C,1601.4300199476934
15.110442342472048,109.44429607559285,33.20934982646569,2411.6586138625507,166.97764833400248,3.710681350226493,7.587790394277435,Aluminum,Type A,1361.5218187122077
31.309228569096682,168.3006773416357,50.98045558281019,1272.868832899665,55.94282380225357,4.32770567996182,12.610545420168,Aluminum,Type A,764.5830999765349
29.137146876952343,107.1188648460229,46.41587307958646,868.6028971348263,122.07604208867434,1.1620250204448008,10.99202317149376,Steel,Type A,576.1834030237943
29.580143360819747,131.89756302937613,69.29514467634425,1376.9808974596153,65.73952676272623,0.5690013220487925,8.133558082377725,Copper,Type B,809.8653865453093
30.425406933718914,184.48753109694547,34.481556086722094,2109.1714475405606,86.30675237937912,0.21582907162704834,8.855215356881594,Steel,Type B,1204.8761840272346
16.480893034681806,102.32719357358259,45.91422396182966,913.1367896653508,197.99938899007196,3.2456603521720035,7.6254082037441995,Plastic,Type C,637.5534241969195
22.169314570885454,181.44684825889357,68.77881733101475,1892.00574384272,71.37433143522699,3.074760776835026,4.463226769782309,Steel,Type B,1086.1388813028987
17.317381190502594,128.18547747734,64.62028503575921,2113.0542676171563,124.8332230177034,2.778817322298943,8.475329892885242,Steel,Type B,1209.825407062806
32.26206851751187,111.81648276216562,62.6828828379712,1535.3365597973138,142.72336014771787,1.2365407709682796,10.33327953075136,Plastic,Type A,923.7060800863691
27.46596253655116,169.67371653641507,40.316113081797596,2496.0068482408083,155.36974558161558,2.015439379937022,13.099843737912115,Aluminum,Type A,1425.724525078474
21.617960497052984,162.8942846779884,36.83550349560263,1034.516156894298,133.9473025230371,3.0129340424122484,9.544370309688722,Aluminum,Type A,679.8898125705557
16.27116700572047,187.7472013527053,56.74572879697724,965.3031198187792,51.46562711287755,2.5341576084099304,11.41682305564737,Aluminum,Type A,605.5745093153358
21.219646434313244,173.50710438038857,67.17503956510343,2402.0152636479274,98.96919623659878,4.940149049052947,2.401074524318595,Copper,Type A,1348.9133837634379
21.503666440534943,180.34809303848488,52.27051572055719,1890.0808956536366,127.65674650770671,0.7685547875279923,6.923362116296849,Plastic,Type A,1112.340773219431
29.59212356676128,128.20345725713065,52.864507578795994,2314.4852721410193,63.179974871725,3.5062083148332097,0.13997429740639944,Plastic,Type A,1263.36491849234
27.751149427104263,117.74395437797229,41.199163746411365,1756.6201449282416,102.59403968137711,2.0811619637110317,3.7001829678243454,Steel,Type C,1003.931967629186
32.744254851526534,175.06147516408583,60.779717327677474,1342.084473126035,54.980466318704984,2.1981781131355125,10.896925726695073,Copper,Type C,790.7146019693621
24.444298503238986,180.6834739267264,37.48174994230094,2602.0250988832395,61.78677457325311,3.616229051725064,14.877149270240452,Aluminum,Type C,1432.1637482343208
17.391884918766035,199.0505142000673,42.947169456169746,2558.714933731754,109.53849143023942,3.4929371414894117,1.4876714938082385,Copper,Type C,1440.3572704524609
29.2648957444599,141.26176769114267,47.01745754465667,2328.3322358797386,69.90736310645906,4.9571543691407225,6.022414737919323,Plastic,Type A,1280.5023461261621
30.21570097233795,137.20180857927832,50.3044151473782,1398.719301905918,135.1311272392337,0.7291320183252137,12.001064530487392,Plastic,Type C,861.6328445580259
26.225543951389923,177.6412960741997,39.69638929660321,2098.507467111992,153.41974537058985,0.610137281982415,3.0605345194334825,Steel,Type A,1234.0191062095232
30.41934359909122,134.0803540253018,34.59347298956814,1594.142573268059,170.08800486636244,3.649260203930832,8.326274239534294,Steel,Type C,964.7205158731965
24.875911927287817,193.07573256035647,54.4248016976653,1001.4805613185952,80.02253663672151,2.934095893331405,10.996069440445122,Plastic,Type B,644.9906648798276
25.45465658763988,185.8412751843012,41.54522212961023,2818.089866016934,75.12238733886046,1.443387266143049,9.239781753902685,Aluminum,Type C,1543.9038945714092
23.550820367170992,142.89940273750184,53.24952885690449,1101.000988021715,65.68517605016004,0.48915490804603445,2.820371019231242,Aluminum,Type C,661.12877038093
15.508382534881903,175.08710677914974,36.17450861096809,2890.5221784057653,145.46453743154552,0.5197254230225097,5.330768530286091,Copper,Type A,1620.4165657940814
17.157828539866088,175.45428740846825,49.2456040741927,1781.2127005075026,155.9713589730352,4.4815352858541795,11.756876767280959,Plastic,Type C,1073.71789642842
15.628583713734685,110.31238688359326,51.30357730206343,1207.2924434449633,54.737921723846306,1.0401498911218403,8.31339771198025,Plastic,Type B,697.1507251482495
27.72820822527561,190.25529066795667,32.07294147289708,1992.182084232388,190.43183693655348,1.684520654366052,0.07844420314369105,Aluminum,Type A,1191.8633410081266
21.287119621526536,150.52523724478573,43.46417112775683,2720.480838928098,57.79569254772086,1.2106163709122415,11.414861400421408,Aluminum,Type A,1477.2926951221425
25.171413823294056,182.64574661077415,35.376587077558966,2410.8947501010343,131.19445029516055,1.8394818985764931,0.529670324103586,Plastic,Type C,1366.5474873168175
33.15132947852186,132.00496010306117,32.53499881891071,2574.4345252951894,156.35907791763748,0.44017682945585757,11.186006740968482,Steel,Type A,1454.118627952145
19.9858445829775,189.55232284962005,69.5984092955978,2249.323406763578,180.64536856191285,2.643392975450525,3.0372084024785613,Plastic,Type A,1332.1406932935124
23.207658460712594,138.92016787341632,42.89415379898892,2323.008441939275,157.11303981986418,0.43130156160185307,14.371102201790704,Plastic,Type A,1338.1683845733053
30.111022770860973,101.08376514802984,62.3949778341854,2668.230433443702,170.25921246046877,4.021746888329572,5.519111269531267,Aluminum,Type A,1494.9368827960352
19.57596330983245,190.53819764192636,40.18562619055055,1349.2696194902092,100.9175288814209,1.2451892013611219,4.903974245071186,Aluminum,Type A,812.1822275367492
16.53959819657586,109.12866767861335,57.26010888895717,1876.734920014909,172.22376706197684,2.746058381562102,2.23332075498667,Steel,Type A,1104.4547558557394
20.79502905827536,131.9313637590415,60.409114395587466,1286.660772003125,62.01722695770127,4.412387529051145,4.584063232353223,Steel,Type B,763.7763291652807
18.22442574508009,195.0061967050805,53.82554962431377,2972.8696175926234,184.22249840907915,3.2892991083312517,13.149761427423009,Copper,Type C,1702.658604008435
33.59395304685146,195.0607146937556,48.863047542006335,2876.930547310549,132.13885642306042,2.7114931541015435,14.94501506440871,Plastic,Type B,1622.240067666406
31.16240759128834,157.34378881232863,46.47363656589074,886.738985010713,172.59466549437406,1.6892353902653408,5.524642957602725,Aluminum,Type A,628.3821630327037
27.66807513020847,163.18372121697993,43.95473066171981,2352.2653795345145,117.84774267774502,1.73170937398517,6.729159464318139,Steel,Type A,1335.953237104179
32.429211803754356,144.84455219783197,67.18116576991304,2835.546298314465,146.53665427947874,3.380486080471132,10.831064073041055,Copper,Type C,1586.53174195474
31.07344153798229,129.32107716980644,63.22477631150917,1197.2657592801338,128.960399140417,4.971282869983721,13.292936706976118,Copper,Type B,758.0627207228035
18.731401177720716,132.8664545369916,68.60107642666051,2049.479507215785,159.7384282632998,3.3430120302619555,8.895665012801762,Aluminum,Type C,1199.6022831310959
32.85117996979956,167.25184560770384,34.97188893942179,2814.0742546936917,62.244497304588435,2.8331387451131222,5.87288547266744,Aluminum,Type B,1536.3304664288448
25.786844838313016,175.237452943768,59.23469900814577,874.6811528887574,59.052812598584566,3.6801875001723063,6.189327612729356,Copper,Type A,579.5774119126028
31.14880310328125,179.15790437258485,67.53361827284152,2334.324587943048,87.06548510152197,2.3795075001902193,10.434272197452103,Steel,Type C,1319.9602758622293
32.92182599846986,178.96181427945538,37.2493226466264,1454.1678162196117,73.93170201697825,0.39469747874384753,0.048273954064180224,Copper,Type C,857.9816104098205
21.360069499437277,109.12061030486903,32.6598506946711,2833.671629828367,180.76753498883025,2.855254397801758,9.29384006189761,Plastic,Type A,1585.6869532349247
17.201038490553536,149.44203047025815,59.64482597160236,2936.328139363809,82.88209810370665,4.792363894076363,5.332395156620361,Plastic,Type C,1589.4307020538893
19.558703250838832,105.75587600166443,52.978924527196476,2877.3862760495545,196.37978837286968,0.9589844175525323,11.912959969156264,Aluminum,Type B,1615.7706734321785
23.542155772525128,154.95288823237354,63.67315107033088,1843.2712766464203,100.53436876566602,3.4810239650212624,1.3948595973469824,Steel,Type B,1063.4991470960301
31.36029531844986,144.1530501373377,35.59089506505158,2696.4938321764894,77.31768735330489,1.0845750744293767,8.823034004225857,Steel,Type B,1469.2853144050744
32.21461166512687,188.77041827582997,61.81069247439561,2658.0086767771545,168.45477607137187,2.7255556539180983,7.2145933482918565,Plastic,Type B,1531.6282679623732
15.139042610623815,135.09150125520787,38.065092801909785,1502.0210411351622,148.80616632513141,0.5737146032689262,9.63488288857841,Copper,Type A,905.4934032542824
25.214946051551316,111.70670164276059,36.54623771462818,2623.6140431314902,124.72935746797084,2.3068175876651074,0.9728039172445252,Aluminum,Type C,1453.0207696088848
23.348220062975578,114.29916820528359,36.570631917239716,881.4167963740838,133.30453264064468,3.805200311586706,8.699756811421969,Copper,Type B,584.862419948535
19.442156209414605,176.15106317174724,62.58298880925528,2111.793732660517,157.88026674083957,1.8031004687710124,8.422268819392857,Copper,Type A,1242.6361154957697
17.397307346673657,161.8218063316261,56.607888827848,1306.0194420329467,84.2682111996948,3.358067449987369,8.409901416242564,Copper,Type C,787.0668640608155
21.75230342807256,110.11226761227903,50.92261699076477,1065.2471487100133,199.45008740851128,3.9977048078696735,9.052314998946823,Steel,Type C,718.1394781137265
33.858194078250385,108.41068061149974,44.3532193649401,969.2970435842601,196.21897432201746,4.643171315449318,10.147019058395433,Plastic,Type A,673.7991462934401
21.464058640415104,170.096913145912,65.08802163252433,2331.8353069319073,147.54885295204053,1.2497462010917226,12.074834995211546,Steel,Type A,1341.7292503146177
25.37581243486732,107.27630063641935,45.69780429690542,1547.7249202897456,79.93136763937177,2.05664798746561,4.047310801923215,Plastic,Type B,880.2303755630918
29.060379177903556,182.18600592903562,62.66397757886308,2394.486897363275,152.0342363646937,0.8468384653190455,12.37574115270093,Aluminum,Type C,1385.1221297292664
22.27259204758588,170.62422271564964,47.56539634280874,943.7839497576732,60.829761346876374,4.963169160576038,7.473835233951805,Aluminum,Type C,590.3324412731097
34.435641654419214,108.13487806418998,45.07777717699631,1493.6387432273427,54.597875330870906,4.642304742829047,1.1558741870149674,Copper,Type A,840.2856908242236
34.24894589884222,108.48377140851919,48.50719142678426,1986.880843225742,88.65243327668205,2.745789938374742,0.878263938659688,Plastic,Type C,1108.9822029865218
20.035645916507285,198.66395785011753,42.05511496656568,2539.5909626457196,119.39344351089744,4.225963142444464,5.013574780440912,Plastic,Type B,1442.8852509323842
24.94497011784771,137.42707957561203,59.904375207050045,1501.2555064505539,180.24087581125707,2.652694088633007,11.773454656672014,Plastic,Type C,939.1133972965047
21.017566196335395,137.06421470668909,50.10881560369917,2176.96102816142,159.0753604649462,3.155569871213523,10.615214021113736,Copper,Type A,1260.493190933651
20.696809887549353,181.27995672575025,39.28850780587269,2749.1510461196117,161.40597817999716,0.5367097173684815,11.829224470086096,Copper,Type A,1566.0157782243566
15.737738947090655,194.72485773838588,65.98298293098273,2154.89901400107,113.8240001672113,3.8008250604343594,7.7590358466241405,Aluminum,Type B,1244.712950302704
27.191286679597937,198.6001063822871,45.35564885492846,1312.5108444579942,101.89024888204443,0.7257960698126507,6.602984969332359,Steel,Type B,818.2816680543729
25.05358046457723,175.33781852589416,51.74211444455955,853.6817194243837,105.6558144476904,4.147731388237389,2.2117879005942593,Plastic,Type C,580.0404929802596
16.029575024999787,137.62595855309158,66.25888443858187,2714.2175225820456,198.14743456040867,3.9319376295848913,4.922891304139673,Plastic,Type C,1553.484709033795
20.57292928473223,108.35007166986688,54.969519836559684,846.7927038708517,56.01637871187237,3.572849018940585,6.510290492608129,Steel,Type A,517.9804240505283
33.165317719333075,177.7146915927437,34.675921628334564,2724.343679905239,180.05472441836727,0.2771858645713344,1.3290064451942585,Plastic,Type B,1546.4908213702086
19.79123781333945,155.8404249735805,67.59328494453901,1963.6616948598664,136.80131128585901,1.5853289441321103,3.309179290668169,Copper,Type B,1146.6593220777124
17.897897441824462,142.42220092469762,55.10832212285671,2865.948936728372,115.79231287843857,1.3892515925631301,8.973379410956083,Copper,Type B,1586.1712252590585
24.78905520555126,190.6354385094736,43.396224586283445,2557.3231187020638,158.78864906227048,1.8646683966104438,11.034946713587848,Plastic,Type C,1474.992314055034
34.71300908221201,111.11974823061513,35.57088290653549,2995.4550431733423,123.00034121370543,0.5294494591428089,14.975212670894244,Copper,Type B,1643.0350359209924
19.84110543023001,149.26251042908592,61.76100757081184,1571.5659939937623,181.0134857122491,4.6910933328522075,13.996699970153365,Copper,Type A,984.6567266723142
28.442710948117572,101.13536447674191,54.80291023714054,2487.814235648479,185.10527960168878,2.813630979490644,9.638477993027873,Plastic,Type A,1419.3781104523248
30.23239230657435,146.86606419941262,51.33844367905286,1684.2480099403328,113.25813903101832,1.5970691222243156,6.31872079941108,Aluminum,Type C,991.6837429220662
19.752750879847994,105.63032756818373,65.7557033220383,1855.7263646685994,91.52416958525774,2.045209433663989,9.54266047062349,Steel,Type C,1044.699403478571
29.56432697223719,111.8817916268072,61.54388844898123,2180.512019080414,138.85254928900434,2.291292448473695,11.78477427120348,Copper,Type B,1242.3699165264152
22.355662654385064,111.75262467771049,36.06699518931005,2722.0896512099453,186.85450184250365,3.042912233467025,1.7750428638508098,Aluminum,Type C,1536.6072079171342
27.64611661187159,164.92103021160636,42.468882711821934,2964.9836322384494,81.59932835084999,2.6268291957128396,6.148573345444324,Copper,Type A,1623.1221626080658
27.670594215217896,174.60448792654233,39.93956559257863,2490.20151050194,143.4449875345224,4.605020668750645,12.597034284534258,Copper,Type B,1422.222521499837
25.71549368149517,158.33687650971598,59.757851702907075,1719.0869207681344,144.73403301387808,2.5351210662385686,5.75749427899566,Steel,Type A,1029.8751996272474
16.805795401088165,196.21725484745417,31.341297389431176,1726.9854050095544,159.96695336229214,4.961574272634232,8.578084068407797,Copper,Type B,1053.8304692832057
31.70604991178476,137.4870579523704,52.79558739485266,2422.6810634955614,69.73515276908897,4.271982292950969,8.816540412932973,Steel,Type C,1335.6071678283938
21.415601299434716,128.57120862818607,60.49834742962762,1325.3097206902653,157.37374470231327,1.1217015203509457,2.7671437970045902,Steel,Type B,821.0914901601251
18.730370207997083,186.85991281894604,65.07062547046998,1043.0430488890684,186.35487809984616,4.65991655175519,5.433531624784326,Steel,Type B,718.7247739309647
15.815502831095278,122.35958385194526,43.683269948636294,1580.1687468097084,76.9524663305363,0.6701953496388329,5.017669331128982,Aluminum,Type A,897.7016862747463
26.817858863764837,196.32225394406112,62.850292186880516,1431.92578163898,85.63149873858166,4.105503571606839,0.3929506279809719,Plastic,Type A,862.1426322242352
28.55128723684565,101.21544746898164,34.42526947820829,1451.8778650031782,195.70926410624594,1.9650541380352426,0.36287645837032867,Aluminum,Type B,897.6552936241133
15.331756578557123,196.9878826707639,63.85809166938073,1313.9370523098019,77.14654290642346,4.402074170180841,12.475455655136601,Plastic,Type C,804.1873150450299
25.24186116598562,104.3159911950576,35.0995464932793,892.6050171999962,178.15776400543686,4.353477781526506,4.0960621495921865,Plastic,Type C,610.2199988421079
19.529915503958758,189.11431136980713,45.89149162241469,839.3226564135103,123.84167846720521,4.049034460576344,7.771181493582231,Steel,Type A,595.8626387153306
27.903455808188998,152.77011090863,61.89181463118214,2972.9892574192695,87.08466116047656,3.971149137904601,4.480883603831596,Copper,Type C,1625.1693179973888
18.487328580099827,199.29647961193004,35.99669709395095,1741.100894218897,180.6124851908767,1.5929277815804,14.110188676730107,Steel,Type A,1077.7546675752722
28.81875476204932,107.37965647353988,39.17005580930566,1645.5186237512999,116.79578825039982,0.4965044869511357,3.889451382986606,Copper,Type C,956.7447579356751
22.734706926010748,155.38542844013207,58.89010273572265,2295.2240219247537,127.22260308945353,2.0746028759492914,6.444852191084026,Plastic,Type B,1301.7673080358506
33.73459977473469,196.9302535619099,58.801461461842976,1280.1585533031412,103.88500540996486,0.9502701234338925,13.090953757269027,Steel,Type A,812.5660066607581
17.750418882919867,152.3097844170149,55.645905315411895,2889.9146046904957,138.9426277152391,3.505260335622063,12.62900350187713,Copper,Type A,1610.5130832212903
21.82132702100517,162.93986381352624,57.757937778684,2529.9590317142147,74.5285808877534,1.7958886600351494,2.7915212676941596,Aluminum,Type B,1397.8788105077367
17.269470424811782,169.57486889846172,51.70897773390385,996.7042050869709,108.66223049776411,4.880489984213583,12.039649646935656,Copper,Type A,647.1068297983184
33.49387236557126,145.45410647677733,40.07196235627811,1718.6777067268424,195.41184835029313,3.240763178992127,6.87280330106839,Steel,Type C,1048.419511577072
32.54678706761962,162.75580800840635,43.827839740156776,2734.0602766367624,88.72001490516914,4.1301547618083685,7.244533081280328,Aluminum,Type C,1511.808944652395
20.15883255430311,158.43143119231001,37.26390867205703,2878.4104490411028,148.51049968119383,0.7493708964350573,2.002199586239157,Copper,Type A,1607.9669841718273
28.19968092068358,190.11580104909888,66.33802245334513,1828.2833247497133,98.77850963370423,4.3238709631358505,1.20902270635687,Copper,Type C,1068.7645947669666
31.344444004024318,104.54463803414579,53.33567179064482,2149.505056263557,166.0209688529901,4.621510233515632,10.919089604606478,Copper,Type A,1237.0294477849816
26.10401623198925,128.09631895922303,46.034056670545596,1167.4746814025655,69.63104910775247,2.4866034022127863,7.446917285329496,Copper,Type B,702.6484044218871
25.59301156712013,195.04114840765587,48.48023214576531,2980.5709775013484,195.4731567617817,3.0706393949797897,6.552760539227693,Copper,Type A,1700.2068165255184
19.837045818009035,189.02637838909163,67.89133358447262,1309.6777430435754,118.06843120754588,3.847568024424678,10.94262342978595,Aluminum,Type B,833.8550410692346
16.862055356117985,145.5656752785713,36.13405612464321,2874.0099030972765,85.40756950196959,0.9567092735760215,11.482693484866646,Plastic,Type C,1558.0855792746636
32.944315159066534,162.01325978015367,53.44919328067189,2229.2226277832106,61.0245120995019,2.5625737746708683,2.3836225150403036,Aluminum,Type B,1241.5365341596448
33.00836114326661,127.73811829811326,50.23554715537864,2137.02094873349,75.46368576313111,2.053448836084334,9.15337724216462,Aluminum,Type C,1186.7578512462628
27.66202914546536,118.81211597237613,54.45816941738592,1927.914724236319,127.96609228340265,0.8172325615950207,2.030311234165283,Aluminum,Type A,1111.4040300545676
21.780595820974014,146.36984049399823,30.72440735283362,1307.4735857790693,100.55047646469293,1.9009186692285043,11.270626290435684,Plastic,Type C,786.7150605270597
21.984191492253217,135.33522280260527,64.88495635776606,1188.3616704121182,174.33250488239142,0.43404431598891846,9.854327344007093,Steel,Type A,774.8026273750015
29.519113577404788,158.3656111850872,67.28473129934449,1285.0696599543858,114.6331285492709,0.22647834405248624,14.349219316251869,Plastic,Type A,801.573584923356
32.94220519905154,107.77346369649848,52.60532734356836,1210.16417671736,87.30714088814449,0.7623148168586316,1.0343702453463177,Aluminum,Type B,716.5837851200351
32.741728485302346,197.43948076661667,57.86603295507569,2515.085841846857,142.5717479906045,4.819264046786952,0.8558208172688148,Copper,Type B,1449.3460607520396
30.597510917152476,198.62107444796027,66.89997524709183,1570.2755701668061,156.01658253281687,2.792694725885583,4.232806120398002,Copper,Type B,980.5762646009572
27.840632923085757,169.81617140197451,58.28954537253594,927.253888439472,75.05628618514248,4.832528589650778,3.9255852560385893,Aluminum,Type B,598.564970879016
16.682799299900978,153.60963663441203,36.10156171657045,2932.025786309785,75.14288244324766,2.219239603817647,3.704681986079997,Copper,Type C,1581.794982972199
18.232574281892276,130.95276162863277,53.05153440667253,2744.3289469195365,55.50071404003145,1.627899052117772,13.59381870781555,Aluminum,Type C,1465.8437226403578
32.97108377054158,181.37950197069486,54.26860185531424,2841.0550230294684,160.46030225984606,2.5800951279171964,3.7431929977425913,Copper,Type C,1611.300396298634
27.1285811931918,168.47311725538793,46.96522685209544,2988.7972098221576,149.57067914327075,2.25360727430126,4.079245891929465,Plastic,Type A,1683.2501728129373
15.183941032332593,116.26169393448913,59.45776942498891,1182.5695482828721,121.19463136247208,0.6177569528825452,11.390973936269456,Steel,Type C,734.5403831289365
17.02943085732064,191.09271844938425,67.37468059076059,1671.7324415858493,176.62556734537958,3.240048941982011,6.7460976367581,Steel,Type C,1040.0859609244026
28.270035382161115,182.25372429231692,67.02274051627106,2468.1246465490008,170.85052294250798,1.1585870942970382,11.650658354327717,Plastic,Type C,1434.0038636728104
15.101231676924375,194.9799913291924,48.03357485616529,2331.245359718343,137.8031546595128,3.135980978999365,0.9804923634657786,Plastic,Type B,1342.094523225566
18.216161028349973,172.57195083883602,34.52952183363021,1138.570993947681,180.2406920769888,3.2859853527509517,7.313567905100765,Aluminum,Type C,765.0735053193058
25.974675787331723,161.341519593579,69.39364795849337,2594.832874979359,80.87618150551523,0.8449217803303758,0.5042040027492395,Aluminum,Type A,1426.7350523947312
28.837903953853864,141.8243036290619,63.555923457837366,1293.7692580406535,66.78794290965918,0.40061317284227405,0.9397980518303178,Aluminum,Type B,771.063465253501
28.03922519005201,193.2728483354013,34.98650724813067,1292.3987526097708,90.46244172754845,3.9257317717353555,13.596561800166164,Copper,Type A,802.4212175081669
19.485386189211198,186.60638895004084,66.83367530469489,1981.3437303655098,58.56302841339723,2.353022076469669,2.0886805667639274,Aluminum,Type C,1124.8233303576685
29.24358442695072,104.52186701061893,64.79585448248514,2104.467856651747,129.67542920015478,0.38500259797683145,7.986310234128257,Plastic,Type B,1198.322451678274
19.744981749936002,102.6366974497252,50.753522285042884,2076.1896572431847,190.4908538442442,4.974844954131859,6.166434039010598,Steel,Type A,1213.456170371844
21.507993963185356,137.64633668780496,53.65101742979717,1001.2710422750607,55.90153110027644,0.3831247488821965,5.21014989388264,Copper,Type C,611.498177195285
29.92982810236048,181.0553330781833,45.96010815480521,2730.413897786837,68.31648710150402,3.505672621406911,13.497500185309088,Aluminum,Type A,1505.200534220126
27.992657980944294,198.72761293149443,32.19046555288125,1384.3200936951534,117.8298542425153,4.920026733790727,0.3273509516323425,Copper,Type A,857.4809074948441
31.98446820988356,115.04168911035282,43.40788966583604,1084.9328268221693,190.08125262918574,1.2719825106580356,9.956845292633837,Copper,Type A,721.4365967564383
28.15225784600687,159.4130715352135,62.114137943920454,2755.24577571175,97.42341574651257,0.7970219065672612,14.450916513203257,Aluminum,Type C,1525.874036053352
26.36617206670943,138.08908566310214,30.185280920184113,2902.4332961054574,126.08522130325886,0.6947862031699016,8.402522751927629,Copper,Type C,1606.5940949682968
16.87349535656185,196.99143978146031,43.33996686764577,2696.6807579839915,56.23592885755882,1.5860482230812183,14.052336930496377,Steel,Type A,1473.2631391897248
22.35431606118867,184.21189231357087,45.92674774363773,2580.9353643947316,72.25148014431333,0.5951244739521688,0.7838681892903565,Plastic,Type B,1416.530555494072
20.30404735363451,183.83287047111378,51.49582411751692,2241.5323574058475,197.99451844382705,3.4915905743012465,6.281899786112421,Plastic,Type B,1333.591427358996
19.87979286758167,146.86931597949703,66.79422465651042,2011.8862153401064,194.76780446540684,0.40522981083730725,3.9023668644307676,Steel,Type C,1202.4615400256168
34.46021109504891,141.48195023376653,43.85383977463845,991.3708718051023,50.74099714016144,2.59616842793397,10.962314474710947,Copper,Type C,607.0255155990359
22.861954493335208,127.34070719307063,43.878128075849105,1698.5970687555373,192.77176781348584,4.983814583879586,14.7194563574587,Aluminum,Type C,1039.1612186365908
32.84093110354227,105.6375496650927,59.500049924389934,1619.9147374270908,145.86799067232505,4.088454320579492,3.8479509366637172,Copper,Type C,963.1592280349751
27.622772519945258,186.47223762550533,48.08871763559229,1371.4583242727176,180.18774417800333,3.1145752473319535,9.812619022111116,Steel,Type C,897.9742119750415
30.896226070832967,181.29010091300776,38.98419291759928,2391.524250114887,118.21097834507887,1.6006427418543974,2.9714644913961017,Copper,Type B,1349.7976353862416
25.052741862103844,199.97176732861305,48.09758064530774,1890.9266171732959,127.33940428688754,3.157089597829029,8.479953818574149,Plastic,Type C,1118.6553336387212
26.53807769252718,199.66368370739053,35.63428081519199,978.3016749968255,123.32698703853802,2.682503173167093,6.958987300325043,Copper,Type A,660.7452063339073
24.850353876377277,155.54317056026275,37.05547946024893,1284.403044289585,150.02963863191565,2.1878085810628205,14.580079944473056,Steel,Type A,806.3359789630061
18.90485975596089,176.89874151805105,49.93471090957919,2303.169280051111,70.94768821344694,0.7404808460269775,9.127909090446998,Plastic,Type B,1282.7264427129326
29.44904230523011,194.47657298824282,46.757017980181914,967.4878908786604,54.496038480901696,4.444360654678287,5.2425955813022815,Copper,Type A,624.0761877756759
20.615447248817116,184.96473906774116,66.593836042724,2672.655210907291,96.18949123867864,2.3039447792244805,1.7114367733190006,Copper,Type B,1489.0700385923044
15.486319328629076,124.73481017431976,44.49575596466532,1889.3223594307435,155.70211441049702,1.053650307921749,2.2687024310240185,Plastic,Type B,1103.7769948039893
27.909445918143355,145.05441353100935,53.22353401112174,1857.2904701186255,80.27801781844225,1.9020208192987194,3.3797539492685265,Aluminum,Type A,1049.3252624270865
18.542213588140978,112.9159415151495,55.29057151678121,2103.2971262509386,151.0148649987376,2.129235787391743,3.7644999201044698,Plastic,Type C,1202.9438743613607
33.80917168705828,195.40510272587224,30.523778263533345,2614.298125035328,195.48680691609056,4.154935688277684,12.759240867617066,Aluminum,Type A,1522.4644595504678
34.07857154005175,160.617463445088,56.541494880668424,1565.1802573848247,64.08510736841276,3.6947104647508704,8.418341824237874,Steel,Type A,909.2348601790351
33.29728780440897,122.86428055034628,37.121438674790056,2291.63553562994,150.89031773376894,3.8695939788425653,7.850863670615497,Steel,Type B,1313.2224604193912
22.403174005108887,167.17006844058568,68.4428126987782,2044.6103207907404,116.56253289568568,0.15405319570037135,1.721533078038262,Plastic,Type A,1182.8867587556215
15.309132330577349,161.81282404578957,35.946509110124516,1387.462194372727,180.2213381566258,2.139154591080832,12.902095400241524,Plastic,Type B,877.5400718916726
33.566371251754504,135.81627180328405,46.58496494908095,2732.985969981348,76.57246841710788,2.458586343013086,10.842214548127256,Steel,Type C,1491.6185019213985
23.563682966346285,111.3557592199629,33.413986723145754,2554.3372475352417,153.89389283392467,0.19404215643297779,1.0150254285000238,Aluminum,Type C,1430.6723986241009
34.33309638087339,167.15731955927996,69.87497007383789,2248.594036248536,175.71729344721655,1.373084722850668,10.61752645844653,Steel,Type C,1330.30048196462
34.272399541785056,152.03077009037932,50.0878004132497,2671.279804007332,191.69213292110348,3.825420133298462,8.15307326013969,Plastic,Type A,1543.6455632018685
32.060189109347206,177.2318391735639,53.81540069280175,2708.0472421115655,152.48720424344685,0.7718375580720954,1.2258801862016737,Steel,Type B,1532.3908442625911
20.888977841391714,152.01635011119933,32.6830590955371,2358.3985487730765,124.5762146012641,2.7230196441176995,6.874509622929847,Plastic,Type C,1326.6521215517757
22.701954572038506,185.218150031854,59.99841881596711,2641.4293224000785,142.67708603018207,1.154489172884464,7.270444306950704,Plastic,Type B,1495.573482632361
32.02273343033714,155.19068387744855,38.39622372382343,2334.437215672424,180.33574767180772,0.15939179575507706,2.4866181024491363,Steel,Type B,1354.4220376176436
21.338440103125553,156.09379715353862,65.92217157762855,2296.3096978726608,135.59146199582443,1.2818871422377534,14.185472205004235,Aluminum,Type C,1318.6333997323318
18.38985493372185,187.66536026583452,38.205585619280285,2160.9450320734054,54.55805895452553,4.881781399059264,12.749630572209929,Copper,Type C,1212.1458434339565
26.136025249167005,140.3482866212397,37.62750882654666,2455.9766070268106,189.64230432604666,4.02753184822665,10.035335059936624,Steel,Type B,1417.5211682366476
33.723095483215616,113.40152284506408,31.461986713923796,1148.9312316447622,153.42901265473415,4.801925557173064,6.934433415009108,Copper,Type C,730.6948211720944
28.92059593349946,102.8782676313339,48.88267780439997,2737.9156702376426,151.47700786658697,2.490484815239176,6.176483123767627,Steel,Type B,1523.0559900567068
26.4012234017873,175.51372556736192,52.59364533050466,2718.0557610395103,82.35127285965757,0.6377073735197671,9.764602007264312,Copper,Type B,1496.0919795925686
16.943529875415372,162.03095513534646,32.6283455771341,864.3440226760301,148.8328205348986,2.7850014959710956,8.181478041103581,Aluminum,Type C,611.9089514103376
27.300144533983396,170.40797680992236,61.02110466780042,2616.7968512424777,109.07966084812378,2.3264489393438086,0.9340965882282842,Aluminum,Type A,1455.576180564453
34.801077002085265,121.29641615089108,48.13155338992111,1083.5137084415794,147.6849465562238,4.237349705424118,7.687539731554976,Steel,Type C,703.8779270896049
17.801680304730482,113.63714755867697,50.9756107731032,1537.2614793701123,65.98895454619861,0.5806046458427985,12.096054258492593,Plastic,Type A,883.1936869143191
25.366593047274733,101.4544665667882,47.63050987752912,2435.718163841537,148.6767956904554,2.4923815714067135,6.888598163954371,Copper,Type B,1367.8805571519943
32.54746143855911,135.0587558806597,46.03052243501304,1153.671771306278,199.9120588656,0.8352384570005229,0.7793486633140262,Plastic,Type B,769.3946710501201
29.815372355084087,158.9917686854633,52.38561325232872,2599.5274530619367,57.231805829083406,1.6909120417612942,11.794172990760497,Plastic,Type A,1419.5486414594752
28.94031481990536,139.22440450997323,36.2096098372285,2630.695191507032,196.5761276331976,3.7130496792002186,3.020456732039616,Plastic,Type B,1506.396449033321
29.049681679742186,143.7474922023729,37.27712521981084,1916.4290142738396,111.03619410843059,2.432488833906956,3.8793125233205816,Aluminum,Type A,1107.506581694754
22.189823024395103,190.41586944937484,64.47142484054069,814.0489177770339,180.61301755058886,1.94185259721427,2.4705953014844386,Steel,Type A,601.5684591467303
20.871836885289866,134.82554670233003,67.84461848534531,1431.483892984808,167.357822608741,2.032933764993173,4.953225973072463,Steel,Type B,899.8836433056374
31.187223109570272,151.39894891598107,44.93237265119012,2157.2392204266325,135.0524391480002,2.3512891651893346,11.351272585329525,Aluminum,Type A,1235.7794064110417
31.202267893583617,178.3653012741143,40.829786925742155,2958.6095916603317,160.76738138769898,3.946581064801579,7.79078789255906,Aluminum,Type C,1667.2205900731706
32.341446371602075,139.654278232127,55.75998172956063,2189.9897594366703,181.77733419520217,4.471214975807149,3.0732191122606882,Steel,Type C,1281.3416514082078
33.26481105112943,162.20867002278735,46.34936684392386,1371.5678783411515,110.62104824765495,4.781139963869249,13.167451172280613,Plastic,Type B,845.0948104984927
25.226847977218757,186.23637087467452,31.015454226413794,2194.8125468191447,99.0549742344858,3.955826592650946,13.193727824272937,Copper,Type B,1242.6547787635056
25.030325893743992,194.95206236576422,36.24610389464762,1987.967835374882,150.13900783453772,1.6454937891652626,13.058676375690103,Copper,Type A,1183.6931296403052
30.965903579335503,114.7073480929038,58.6388891538959,2515.659869332516,171.17689129118878,3.4718600598240568,3.5819431707230893,Copper,Type A,1440.0214326742932
27.999278615555305,192.65876251614944,56.356957676406054,1035.3574054193084,164.34277021649237,2.2442553078714207,6.768590162714822,Plastic,Type A,709.1314541149561
29.03933754515407,149.2116293079538,31.08383970013934,2474.261385504462,169.67204732879517,1.347886048025651,14.774844842113126,Steel,Type A,1419.46728078616
30.91585338872202,125.82443882989584,38.87888647731798,1990.7864730874426,115.33749722193996,4.220270739187021,11.580187144649855,Aluminum,Type C,1133.8282972710106
32.800106836351326,145.91357562382615,39.24299186352286,2918.582408489788,172.67513242625324,0.28828910991539247,0.40751131838339727,Steel,Type C,1641.3173494442328
21.759903137030715,198.0032575285477,56.87570974394914,1552.1187652851095,68.03135830559127,4.518633761463575,0.9780688689073808,Plastic,Type B,916.179226579564
22.51165905279888,149.26180939928696,30.788421510174565,2191.768164894686,131.67336469412743,2.3612395766611978,6.958970652184991,Aluminum,Type A,1247.3287595225072
16.87963879681738,132.87516102875082,34.164343279382955,2850.4618321220382,50.86379907471824,3.2222872363605743,13.638303087923402,Plastic,Type A,1528.6157874575488
26.56560281992348,163.34008543167258,61.996643414927576,1025.5214015794943,98.68787448504054,3.3308342188083357,8.080526969290712,Copper,Type B,670.4567015096472
15.718845475934842,124.0145618778193,37.141786482173345,2861.9026719201925,104.96923023070968,4.486076929462028,7.467187620514354,Copper,Type A,1558.7627778881676
24.311960362649202,107.5863328108664,56.10984431407499,2313.3485890617894,109.42590374138831,3.2196814426193163,1.5821054993494588,Plastic,Type A,1289.2412208092776
25.85289269415153,112.88797219106492,39.52731124186906,949.2415300313781,154.32008100347934,3.108274565324303,9.85170157086441,Aluminum,Type A,625.7617880588552
20.730825042565687,112.80458389577724,33.97765571037381,1462.1198472829958,108.28371519055186,0.4265949987473808,12.331547409003383,Aluminum,Type A,853.2546853070943
26.816665211380215,115.19026935122943,39.72688763997816,2357.978595019619,117.3040433933796,2.6401993075315002,5.706300112613435,Steel,Type A,1316.5682095239374
15.610004998780989,113.88271726494102,58.89067727422636,948.1713232312977,85.63161963114912,0.8358281040035042,11.634177763879912,Copper,Type B,598.7240219682394
15.746963774984287,164.08747448032148,64.22785872425143,2080.7750123878013,105.98776874440101,3.7134254667352797,14.467149808512174,Steel,Type A,1194.7883999831915
31.452011213193167,118.18800843991448,63.208794582679666,1560.9427252965047,84.09044408947273,2.6098874119821054,3.0564968869153364,Steel,Type B,900.6738086366474
22.20381282822526,134.56672833238633,45.88734118473819,2166.0141390884496,60.97938856526655,3.4331161181209318,7.849944467921119,Plastic,Type A,1192.984692916496
17.541210253037697,189.6788409906012,56.723405462825845,900.6324743875283,140.51728900720667,0.3041972129516829,4.307069371268633,Plastic,Type C,622.2669521895178
25.444865201096086,147.39616402628724,38.19937181663284,2717.380973535228,150.23191978325244,0.5154808786244358,11.89281628550759,Steel,Type C,1529.8580520406147
30.399871061972217,166.75577385210272,41.725909210440534,2941.6757321902733,142.92355190144218,3.6099846015071435,8.663900488217363,Copper,Type C,1649.214279236208
19.316420549936865,117.23198712016298,65.8534327408448,2931.5312816285214,119.52410657008585,0.45321324639349947,9.518736263254556,Plastic,Type C,1604.1149668308958
27.457809516380003,119.22890188086708,30.52007694042944,2449.2340298344343,106.96786702688448,0.4491579660497672,11.96871239423841,Steel,Type B,1352.2507202945885
16.70694929987536,104.08686162664789,33.42034123417872,1086.1897282873904,179.50004743577378,0.15933152865094852,5.939557089936823,Steel,Type B,707.3007811793187
